<?xml version="1.0" encoding="UTF-8"?><?xml-stylesheet type='text/xsl' href='_UpgradeReport_Files/UpgradeReport.xslt'?><UpgradeLog>
<Properties><Property Name="Solution" Value="Mifare1K">
</Property><Property Name="解决方案文件" Value="D:\公司产品资料\YHY523\C#\Mifare1K\Mifare1K.sln">
</Property><Property Name="用户选项文件" Value="D:\公司产品资料\YHY523\C#\Mifare1K\Mifare1K.suo">
</Property><Property Name="Date" Value="2013年5月28日">
</Property><Property Name="Time" Value="6:12">
</Property></Properties><Event ErrorLevel="0" Project="" Source="Mifare1K.sln" Description="文件已成功备份为 D:\公司产品资料\YHY523\C#\Mifare1K\Backup\Mifare1K.sln">
</Event><Event ErrorLevel="0" Project="" Source="Mifare1K.suo" Description="文件已成功备份为 D:\公司产品资料\YHY523\C#\Mifare1K\Backup\Mifare1K.suo">
</Event><Event ErrorLevel="0" Project="Mifare1K" Source="Mifare1K\Mifare1K.csproj" Description="项目文件已成功备份为 D:\公司产品资料\YHY523\C#\Mifare1K\Backup\Mifare1K\Mifare1K.csproj">
</Event><Event ErrorLevel="0" Project="Mifare1K" Source="Mifare1K\Mifare1K.csproj.user" Description="项目用户文件成功备份为 D:\公司产品资料\YHY523\C#\Mifare1K\Backup\Mifare1K\Mifare1K.csproj.user">
</Event><Event ErrorLevel="0" Project="Mifare1K" Source="Mifare1K\Form1.cs" Description="文件已成功备份为 D:\公司产品资料\YHY523\C#\Mifare1K\Backup\Mifare1K\Form1.cs">
</Event><Event ErrorLevel="0" Project="Mifare1K" Source="Mifare1K\Form1.Designer.cs" Description="文件已成功备份为 D:\公司产品资料\YHY523\C#\Mifare1K\Backup\Mifare1K\Form1.Designer.cs">
</Event><Event ErrorLevel="0" Project="Mifare1K" Source="Mifare1K\Program.cs" Description="文件已成功备份为 D:\公司产品资料\YHY523\C#\Mifare1K\Backup\Mifare1K\Program.cs">
</Event><Event ErrorLevel="0" Project="Mifare1K" Source="Mifare1K\Properties\AssemblyInfo.cs" Description="文件已成功备份为 D:\公司产品资料\YHY523\C#\Mifare1K\Backup\Mifare1K\Properties\AssemblyInfo.cs">
</Event><Event ErrorLevel="0" Project="Mifare1K" Source="Mifare1K\Properties\Resources.Designer.cs" Description="文件已成功备份为 D:\公司产品资料\YHY523\C#\Mifare1K\Backup\Mifare1K\Properties\Resources.Designer.cs">
</Event><Event ErrorLevel="0" Project="Mifare1K" Source="Mifare1K\Properties\Settings.Designer.cs" Description="文件已成功备份为 D:\公司产品资料\YHY523\C#\Mifare1K\Backup\Mifare1K\Properties\Settings.Designer.cs">
</Event><Event ErrorLevel="0" Project="Mifare1K" Source="Mifare1K\Properties\Settings.settings" Description="文件已成功备份为 D:\公司产品资料\YHY523\C#\Mifare1K\Backup\Mifare1K\Properties\Settings.settings">
</Event><Event ErrorLevel="0" Project="Mifare1K" Source="Mifare1K\Form1.resx" Description="文件已成功备份为 D:\公司产品资料\YHY523\C#\Mifare1K\Backup\Mifare1K\Form1.resx">
</Event><Event ErrorLevel="0" Project="Mifare1K" Source="Mifare1K\Properties\Resources.resx" Description="文件已成功备份为 D:\公司产品资料\YHY523\C#\Mifare1K\Backup\Mifare1K\Properties\Resources.resx">
</Event><Event ErrorLevel="1" Project="Mifare1K" Source="Mifare1K\Mifare1K.csproj" Description="您的项目以 .NET Framework 2.0 或 3.0 为目标。如果您的项目使用的程序集需要更新的 .NET Framework，则项目生成将失败。通过单击项目菜单上的“属性”，然后在“.NET Framework”下拉框中选择一个新版本，可以更改 .NET Framework 的版本。(在 Visual Basic 中，可在单击“高级编辑器选项...”按钮时显示的“编译”选项卡上找到此下拉框。)">
</Event><Event ErrorLevel="0" Project="Mifare1K" Source="Mifare1K\Mifare1K.csproj" Description="项目已成功转换">
</Event><Event ErrorLevel="3" Project="Mifare1K" Source="Mifare1K\Mifare1K.csproj" Description="Converted">
</Event><Event ErrorLevel="0" Project="" Source="Mifare1K.sln" Description="成功转换解决方案">
</Event><Event ErrorLevel="3" Project="" Source="Mifare1K.sln" Description="Converted">
</Event><Event ErrorLevel="0" Project="Mifare1K" Source="Mifare1K\Mifare1K.csproj" Description="扫描完成: 项目文件不需要升级。">
</Event></UpgradeLog>